Price,Close,MA_20,RSI
Ticker,AAPL,,
Date,,,
2020-01-30,78.14315032958984,75.28797645568848,63.87910720350501
2020-01-31,74.67837524414062,75.39848136901855,49.368830502526095
2020-02-03,74.4732894897461,75.53395919799804,42.98754521604857
2020-02-04,76.93192291259766,75.76377716064454,54.73960552312321
2020-02-05,77.55924224853516,76.04197120666504,57.61858398349539
2020-02-06,78.46646118164062,76.30761985778808,57.529020038225354
2020-02-07,77.39989471435547,76.4422477722168,51.53370448113641
2020-02-10,77.76750946044922,76.58681182861328,54.317857203988595
2020-02-11,77.29830932617188,76.62793235778808,51.981955491841546
2020-02-12,79.13400268554688,76.81247138977051,55.95841596016507
2020-02-13,78.57046508789062,76.98499794006348,54.89955823204906
2020-02-14,78.58979034423828,77.11144180297852,62.79595709662523
2020-02-18,77.15079498291016,77.12383232116699,51.6469624383529
2020-02-19,78.26815032958984,77.21814918518066,50.03948819961402
2020-02-20,77.4651870727539,77.25868530273438,47.79082799076773
2020-02-21,75.71178436279297,77.19309310913086,53.790126213489
2020-02-24,72.11541748046875,76.95878143310547,43.07493742703556
2020-02-25,69.67271423339844,76.71525344848632,28.65975839128481
2020-02-26,70.77798461914062,76.42155113220215,30.60970272950624
2020-02-27,66.1513671875,75.81629066467285,20.962653923673003
2020-02-28,66.11267852783203,75.21476707458496,22.03051646742813
2020-03-02,72.2677993774414,75.09423828125,39.40947593464727
2020-03-03,69.97262573242188,74.86920509338378,36.82014467489328
2020-03-04,73.21826934814453,74.68352241516114,39.870723496422556
2020-03-05,70.84326934814453,74.3477237701416,37.54185540705067
2020-03-06,69.90249633789062,73.91952552795411,36.39808078194541
2020-03-09,64.37376403808594,73.26821899414062,32.26585351545086
2020-03-10,69.01004791259766,72.83034591674804,38.29354965303517
2020-03-11,66.61328125,72.29609451293945,36.8098958260886
2020-03-12,60.03492736816406,71.34114074707031,32.9456622509136
2020-03-13,67.22760009765625,70.7739974975586,45.06856907094605
2020-03-16,58.578975677490234,69.7734567642212,40.052906922057375
2020-03-17,61.15470886230469,68.97365245819091,41.59306987563917
2020-03-18,59.657630920410156,68.04312648773194,43.998910542664255
2020-03-19,59.200531005859375,67.12989368438721,43.66126183560333
2020-03-20,55.442161560058594,66.1164125442505,33.860703403056576
2020-03-23,54.26433181762695,65.2238582611084,34.60241721074512
2020-03-24,59.70841979980469,64.72564353942872,37.3045401054574
2020-03-25,59.37950134277344,64.15571937561035,38.79645090225397
2020-03-26,62.50423812866211,63.97336292266846,43.06568716704709
2020-03-27,59.916419982910156,63.663549995422365,45.57841534876779
2020-03-30,61.626304626464844,63.13147525787353,42.2240328791443
2020-03-31,61.500545501708984,62.70787124633789,44.34519040380195
2020-04-01,58.26456832885742,61.96018619537354,47.8856128145926
2020-04-02,59.23680877685547,61.37986316680908,38.79088201053478
2020-04-03,58.385494232177734,60.804013061523435,49.652597219353076
2020-04-06,63.478885650634766,60.75926914215088,53.8271276438707
2020-04-07,62.743675231933594,60.445950508117676,55.212448103478366
2020-04-08,64.34956359863281,60.332764625549316,58.37202228622622
2020-04-09,64.81391143798828,60.571713829040526,67.06597882629039
2020-04-13,66.08607482910156,60.514637565612794,71.45371499682312
2020-04-14,69.4236068725586,61.05686912536621,69.09042499125226
2020-04-15,68.78994750976562,61.43863105773926,68.27276514372636
2020-04-16,69.33656311035156,61.922577667236325,64.74275679583113
2020-04-17,68.39572143554688,62.382337188720705,69.69656208374715
2020-04-20,66.97607421875,62.95903282165527,62.596828898485946
2020-04-21,64.90581512451172,63.49110698699951,57.345564104492574
2020-04-22,66.77532958984375,63.844452476501466,69.50879574484233
2020-04-23,66.51655578613281,64.20130519866943,67.25127273134892
2020-04-24,68.43685913085938,64.4979362487793,72.67073659061472
2020-04-27,68.48523712158203,64.92637710571289,64.61867696565196
2020-04-28,67.3751449584961,65.21381912231445,63.23427076520602
2020-04-29,69.58808898925781,65.61819629669189,64.46701063770612
2020-04-30,71.05609893798828,66.25777282714844,66.33333599508109
2020-05-01,69.91217041015625,66.79154090881347,60.07901722477422
2020-05-04,70.90135955810547,67.41733417510986,54.44245668597851
2020-05-05,71.9654769897461,67.84166374206544,59.30551848011407
2020-05-06,72.70796203613281,68.33987808227539,59.767367017608386
2020-05-07,73.46012878417969,68.79540634155273,64.83439961311788
2020-05-08,75.20860290527344,69.315140914917,73.65854642499761
2020-05-11,76.39203643798828,69.83043899536133,84.78183525271736
2020-05-12,75.51899719238281,70.13520851135254,78.17750166451452
2020-05-13,74.60718536376953,70.42607040405274,75.01992477424488
2020-05-14,75.0655288696289,70.7125186920166,72.53666348654465
2020-05-15,74.62174224853516,71.02381973266601,70.31710202856787
2020-05-18,76.3799057006836,71.4940113067627,78.58673590490076
2020-05-19,75.93855285644531,72.04564819335937,72.71543377121262
2020-05-20,77.41541290283203,72.5776523590088,72.73269754827842
2020-05-21,76.83824920654297,73.0937370300293,75.8043179307769
2020-05-22,77.33297729492188,73.53854293823242,74.8787500140182
2020-05-26,76.80913543701172,73.95473785400391,69.55350828994735
2020-05-27,77.14379119873047,74.44317016601562,68.51684472886836
2020-05-28,77.1777572631836,74.82265357971191,66.5086755101059
2020-05-29,77.10256958007812,75.1249771118164,59.878471945881415
2020-06-01,78.05078125,75.53190765380859,58.86923794270721
2020-06-02,78.41211700439453,75.90744552612304,66.36489415233399
2020-06-03,78.8437728881836,76.25136032104493,75.34070663999182
2020-06-04,78.1647720336914,76.52420082092286,68.06104646509915
2020-06-05,80.3909683227539,76.87074279785156,77.83752144366483
2020-06-08,80.86627960205078,77.15362663269043,74.70615025746514
2020-06-09,83.41986846923828,77.50501823425293,83.4234882771305
2020-06-10,85.5660629272461,78.00737152099609,84.35892323030907
2020-06-11,81.45801544189453,78.34991302490235,65.00711293960197
2020-06-12,82.16127014160156,78.70470008850097,65.47485257597143
2020-06-15,83.17735290527344,79.13248062133789,69.78605708715827
2020-06-16,85.38177490234375,79.5825740814209,72.93111760021237
2020-06-17,85.26292419433594,80.04879264831543,72.3998848446904
2020-06-18,85.2968978881836,80.442866897583,72.75427852814649
2020-06-19,84.80944061279297,80.8414264678955,69.26051884000876
2020-06-22,87.02837371826172,81.3261962890625,72.20344874499938
2020-06-23,88.88597869873047,81.93003845214844,74.1064024309839
2020-06-24,87.31696319580078,82.43869705200196,71.06961497064717
2020-06-25,88.47614288330078,83.00361633300781,69.57487712827424
2020-06-26,85.75764465332031,83.43637008666992,60.682120438920634
2020-06-29,87.73406982421875,83.92053451538087,59.66532171361354
2020-06-30,88.4664535522461,84.42325134277344,56.937362999124794
2020-07-01,88.29911041259766,84.89601821899414,70.1642507297284
2020-07-02,88.29911041259766,85.40273513793946,68.87385026554801
2020-07-06,90.66114044189453,85.91624374389649,71.25337299240056
2020-07-07,90.37982940673828,86.39192123413086,65.93461869826032
2020-07-08,92.48477935791016,86.84516677856445,70.43639150663341
2020-07-09,92.88248443603516,87.2109878540039,71.03270434929769
2020-07-10,93.04496765136719,87.79033546447754,73.2538706293179
2020-07-13,92.61572265625,88.31305809020996,67.55021862734714
2020-07-14,94.14838409423828,88.8616096496582,66.87400554643328
2020-07-15,94.7958755493164,89.33231468200684,75.48753282545957
2020-07-16,93.62940979003906,89.75063896179199,67.55320282431698
2020-07-17,93.44024658203125,90.15780639648438,81.61653521551291
2020-07-20,95.40941619873047,90.68780517578125,81.60555038582395
2020-07-21,94.09259033203125,91.04101600646973,72.10342340808556
2020-07-22,94.35693359375,91.3145637512207,73.61937166202516
2020-07-23,90.06214141845703,91.45182266235352,55.14944909781467
2020-07-24,89.83901977539062,91.51996650695801,47.25588933204918
2020-07-27,91.96824645996094,91.83049659729004,54.71966551098936
2020-07-28,90.45740509033203,91.9666633605957,43.75559860548314
2020-07-29,92.19134521484375,92.15290794372558,48.03315811985296
2020-07-30,93.3068618774414,92.40329551696777,50.70695080073861
2020-07-31,103.07504272460938,93.14209213256837,68.77004097052105
2020-08-03,105.67230987548828,93.89265060424805,69.91942890209879
2020-08-04,106.37798309326172,94.69255828857422,69.979810795302
2020-08-05,106.76358032226562,95.406498336792,73.28451514995767
2020-08-06,110.48848724365234,96.28679847717285,76.85658703887147
2020-08-07,107.9764404296875,97.03337211608887,69.46427613432553
2020-08-10,109.54583740234375,97.87987785339355,73.74875949956008
2020-08-11,106.28797149658203,98.48685722351074,66.7908584803861
2020-08-12,109.82038116455078,99.23808250427246,78.41604547704905
2020-08-13,111.7639389038086,100.14480895996094,80.04530827842134
2020-08-14,111.6643295288086,101.0560131072998,78.58082781058839
2020-08-17,111.37278747558594,101.85418167114258,81.4635211190984
2020-08-18,112.30083465576172,102.7645938873291,81.00290834103174
2020-08-19,112.44173431396484,103.66883392333985,80.41433065931433
2020-08-20,114.93678283691406,104.91256599426269,74.524075123319
2020-08-21,120.85975646972656,106.46360282897949,77.60392818662491
2020-08-24,122.30526733398438,107.98045387268067,78.19046983733793
2020-08-25,121.3019027709961,109.52267875671387,75.18140413074153
2020-08-26,122.95147705078125,111.06068534851075,73.25892220234243
2020-08-27,121.481689453125,112.46942672729492,76.2242040858654
2020-08-28,121.28490447998047,113.37991981506347,74.07818564387965
2020-08-31,125.39793395996094,114.3662010192871,87.86829570513304
2020-09-01,130.3928680419922,115.56694526672364,88.53295714138322
2020-09-02,127.69134521484375,116.61333351135254,79.00889065887478
2020-09-03,117.46826171875,116.96232223510742,57.722903247092745
2020-09-04,117.5459976196289,117.4408000946045,58.261282937773416
2020-09-08,109.63574981689453,117.44529571533204,46.99502195508095
2020-09-09,114.00873565673828,117.83133392333984,51.61291842507417
2020-09-10,110.28683471679688,117.85465660095215,45.33169950960778
2020-09-11,108.83887481689453,117.70840339660644,36.74023826824053
2020-09-14,112.10405731201172,117.7303897857666,39.18173661100409
2020-09-15,112.27896881103516,117.77569885253907,40.26014262729922
2020-09-16,108.96524047851562,117.60891914367676,35.42608340599605
2020-09-17,107.2257308959961,117.34811897277832,35.2280627414646
2020-09-18,103.82450866699219,116.79250526428223,33.03430828694009
2020-09-21,106.97308349609375,116.09817161560059,31.75522537261925
2020-09-22,108.65424346923828,115.41562042236328,26.961900186305144
2020-09-23,104.09661865234375,114.55535621643067,25.94133952698708
2020-09-24,105.16558074951172,113.66606140136719,34.576034816710106
2020-09-25,109.11097717285156,113.04752578735352,40.35983710004173
2020-09-28,111.71534729003906,112.56904792785645,52.70474600926994
2020-09-29,110.86988067626953,111.84264526367187,45.5051298960386
2020-09-30,112.5413589477539,110.95006980895997,53.429920424871156
2020-10-01,113.49369049072266,110.24018707275391,57.19003297358577
2020-10-02,109.83010864257812,109.85827941894532,46.53026338245159
2020-10-05,113.2118911743164,109.64157409667969,51.29661911972414
2020-10-06,109.96614074707031,109.65809364318848,51.393731554490344
2020-10-07,111.83195495605469,109.5492546081543,56.391582865497135
2020-10-08,111.72505950927734,109.62116584777831,62.06589266243334
2020-10-09,113.66861724853516,109.86265296936035,60.61631448592354
2020-10-12,120.88890838623047,110.3018955230713,66.50064042515011
2020-10-13,117.68203735351562,110.57204895019531,69.01518636648466
2020-10-14,117.76952362060547,111.0122631072998,68.1398292596905
2020-10-15,117.30304718017578,111.5161289215088,63.10221634994007
2020-10-16,115.6607437133789,112.10794067382812,56.510536465757326
2020-10-19,112.70655822753906,112.3946144104004,52.83360880362402
2020-10-20,114.19338989257812,112.67157173156738,52.56334219999833
2020-10-21,113.5714340209961,113.1453125,50.121878813945706
2020-10-22,112.48304748535156,113.511185836792,54.524329104002604
2020-10-23,111.79307556152344,113.64529075622559,47.33573541736807
2020-10-26,111.80279541015625,113.64966316223145,53.926028222965606
2020-10-27,113.3090591430664,113.7716220855713,53.20674651220955
2020-10-28,108.06145477294922,113.54762687683106,43.497769020199605
2020-10-29,112.06517028808594,113.47620086669922,47.34810200533643
2020-10-30,105.78748321533203,113.27406959533691,24.2203755742339
2020-11-02,105.70004272460938,112.89847717285156,27.107410212590793
2020-11-03,107.32290649414062,112.76631546020508,31.146969917687457
2020-11-04,111.70560455322266,112.75999794006347,41.14934458623161
2020-11-05,115.67047882080078,112.95726890563965,50.01433986928693
2020-11-06,115.53905487060547,113.05079078674316,54.55071633813818
2020-11-09,113.23194885253906,112.66794281005859,48.49500700318917
2020-11-10,112.89127349853516,112.42840461730957,48.92585081290743
2020-11-11,116.31780242919922,112.35581855773925,55.639582151943074
2020-11-12,116.04523468017578,112.29292793273926,56.33116599126081
2020-11-13,116.09392547607422,112.31458702087403,56.38178493048815
2020-11-16,117.10633850097656,112.53457603454589,55.73151933161505
2020-11-17,116.2204818725586,112.63593063354492,64.18243893071661
2020-11-18,114.8965835571289,112.70218811035156,55.42733981538922
2020-11-19,115.49038696289062,112.85255508422851,73.78064674404698
2020-11-20,114.22489166259766,112.97414588928223,69.75274617458913
2020-11-23,110.82755279541016,112.92538375854492,57.50351277191926
2020-11-24,112.11248779296875,112.86555519104004,51.00437184527126
2020-11-25,112.94966888427734,113.10996589660644,42.05738110192027
2020-11-27,113.49479675292969,113.18144721984864,44.173119956158956
2020-11-30,115.88948822021484,113.68654747009278,57.53732102246294
2020-12-01,119.46206665039062,114.37464866638183,65.74890822427767
2020-12-02,119.8125,114.9991283416748,59.824839336678515
2020-12-03,119.67623901367188,115.39766006469726,60.28688629119797
2020-12-04,119.00454711914062,115.56436347961426,57.96483290179293
2020-12-07,120.46470642089844,115.8106460571289,58.97026242299059
2020-12-08,121.0780029296875,116.20294876098633,63.16623177994194
2020-12-09,118.54702758789062,116.4857364654541,59.286785956208746
2020-12-10,119.96826171875,116.66825942993164,60.93156438836031
2020-12-11,119.16029357910156,116.82401237487792,62.32379487832097
2020-12-14,118.54702758789062,116.94666748046875,72.38852833729042
2020-12-15,124.4850845336914,117.31560478210449,78.25707105890159
2020-12-16,124.41693115234375,117.72542724609374,77.1428705578797
2020-12-17,125.2833251953125,118.24476432800293,77.4852891997467
2020-12-18,123.29747009277344,118.63511848449707,67.60759634609994
2020-12-21,124.82576751708984,119.16516227722168,64.12091631265504
2020-12-22,128.37887573242188,120.04272842407227,69.29823114042595
2020-12-23,127.4832992553711,120.81126899719239,67.00585748135947
2020-12-24,128.46652221679688,121.58711166381836,70.33472111820306
2020-12-28,133.06118774414062,122.5654312133789,73.85690877406938
2020-12-29,131.2895050048828,123.3354320526123,68.52698481953367
2020-12-30,130.17002868652344,123.87083015441894,72.22629754191111
2020-12-31,129.16738891601562,124.33857460021973,67.87740476142466
2021-01-04,125.97447967529297,124.65348663330079,62.11914839802902
2021-01-05,127.53194427490234,125.07985649108886,65.46057960550067
2021-01-06,123.23906707763672,125.21857452392578,47.72726766691122
2021-01-07,127.44438934326172,125.53689384460449,54.7979507914264
2021-01-08,128.5443878173828,126.0367618560791,55.13018396619772
2021-01-11,125.55589294433594,126.3161434173584,53.4442155664544
2021-01-12,125.38066864013672,126.62716217041016,50.88268232902307
2021-01-13,127.41515350341797,127.07056846618653,48.38918073000207
2021-01-14,125.48773956298828,127.12070121765137,46.77572607243639
2021-01-15,123.76473236083984,127.08809127807618,42.58057168338951
2021-01-19,124.4364013671875,127.04574508666992,34.466933486639405
2021-01-20,128.52488708496094,127.3071159362793,45.404476667031915
2021-01-21,133.23641967773438,127.72764854431152,54.55338906972729
2021-01-22,135.3780059814453,128.0776050567627,58.92061635732348
2021-01-25,139.12583923339844,128.65973205566405,68.59354279758891
2021-01-26,139.3594512939453,129.2043785095215,67.37216692556277
2021-01-27,138.28866577148438,129.46575241088868,74.41574802447886
2021-01-28,133.45059204101562,129.5738067626953,59.54814344586286
2021-01-29,128.4567413330078,129.48814239501954,49.87601659270976
2021-02-01,130.57888793945312,129.5587173461914,57.28398760522591
2021-02-02,131.4063262939453,129.83030967712403,58.57575913539123
2021-02-03,130.3842315673828,129.97292404174806,54.35099499901053
2021-02-04,133.74258422851562,130.498099899292,61.61003641673415
2021-02-05,133.3282928466797,130.79229507446288,63.964764874496865
2021-02-08,133.4744873046875,131.03880004882814,63.403148943488276
2021-02-09,132.5970916748047,131.39085998535157,56.674609891615994
2021-02-10,131.99264526367188,131.72145881652833,47.64419725483894
2021-02-11,131.7391357421875,131.9376579284668,42.57677167682777
2021-02-12,131.97314453125,132.26192817687988,32.96669275665022
2021-02-16,129.84783935546875,132.56608352661132,29.22130346984396
2021-02-17,127.55683135986328,132.72210502624512,27.742279104490365
2021-02-18,126.4551773071289,132.6186195373535,32.830554285344064
2021-02-19,126.61114501953125,132.28735580444337,44.059422960558884
2021-02-22,122.8382797241211,131.66036949157714,27.477978042195673
2021-02-23,122.70178985595703,130.83916702270508,23.612355545975262
2021-02-24,122.2045669555664,129.98142280578614,24.388464495131743
2021-02-25,117.95399475097656,128.96468925476074,3.179960506715844
2021-02-26,118.21722412109375,128.20302085876466,4.784001066571207
2021-03-01,124.5833511352539,128.00935134887695,30.6122700223427
2021-03-02,121.98035430908203,127.5794246673584,28.469755074292152
2021-03-03,118.99713134765625,126.95896492004394,25.964660170501745
2021-03-04,117.11558532714844,126.29553260803223,24.48984698204383
2021-03-05,118.3731918334961,125.52706298828124,27.093515539405374
2021-03-08,113.44015502929688,124.53265609741212,24.752394579565035
2021-03-09,118.05146789550781,123.76150512695312,36.348301962626024
2021-03-10,116.9693374633789,122.98011741638183,36.368697542101174
2021-03-11,118.8996353149414,122.32546691894531,39.456121233591354
2021-03-12,117.99297332763672,121.63815879821777,42.81164147263307
2021-03-15,120.87871551513672,121.08343734741212,47.49932918888575
2021-03-16,122.41905975341797,120.71199836730958,50.28602985193677
2021-03-17,121.62940216064453,120.41562690734864,55.399625142320154
2021-03-18,117.50552368164062,119.96814422607422,49.06094647060671
2021-03-19,116.97907257080078,119.48654060363769,38.138659116343746
2021-03-22,120.29376983642578,119.35931510925293,47.426365296306074
2021-03-23,119.46510314941406,119.19748077392578,50.764359307941916
2021-03-24,117.07656860351562,118.94108085632324,49.93731048496237
2021-03-25,117.56402587890625,118.92158241271973,48.66689274984433
2021-03-26,118.16847229003906,118.919144821167,59.085831234441564
2021-03-29,118.34395599365234,118.60717506408692,50.67754355864392
2021-03-30,116.891357421875,118.35272521972657,49.82240871536918
2021-03-31,119.08486938476562,118.35711212158203,50.41685338278091
2021-04-01,119.91357421875,118.49701156616212,54.33736612913286
2021-04-05,122.74078369140625,118.71539115905762,54.216326312025245
2021-04-06,123.04299926757812,119.19553337097167,51.496723463864036
2021-04-07,124.69058227539062,119.52748908996583,57.052942729546054
2021-04-08,127.08887481689453,120.0334659576416,73.98733899227545
2021-04-09,129.66261291503906,120.57161483764648,78.79594002252463
2021-04-12,127.94677734375,121.06930503845214,68.73507452790403
2021-04-13,131.05674743652344,121.57820663452148,75.52597959857073
2021-04-14,128.7169952392578,121.89310340881347,75.68859456532573
2021-04-15,131.12496948242188,122.36788177490234,77.58833276732648
2021-04-16,130.7935333251953,123.03228225708008,75.9728893707775
2021-04-19,131.45645141601562,123.75615119934082,76.44529024900116
2021-04-20,129.76986694335938,124.2299560546875,75.73054095943749
2021-04-21,130.1500701904297,124.76420440673829,73.83465823149268
2021-04-22,128.62921142578125,125.34183654785156,68.23006364059977
2021-04-23,130.94949340820312,126.0111099243164,67.54174416390372
2021-04-26,131.33946228027344,126.66965942382812,67.66302458712306
2021-04-27,131.01776123046875,127.30334968566895,64.2764380139453
2021-04-28,130.2280731201172,127.97018547058106,57.637613512376696
2021-04-29,130.13059997558594,128.52247200012206,51.294595370354735
2021-04-30,128.16127014160156,128.93485679626465,50.58514610545034
2021-05-03,129.2141876220703,129.25852699279784,44.33793285831375
2021-05-04,124.641845703125,129.3384693145752,38.988271209418656
2021-05-05,124.88558197021484,129.3482192993164,30.906971890273027
2021-05-06,126.48442077636719,129.31799659729003,37.76296016403757
2021-05-07,127.15826416015625,129.1927791595459,37.801555173315734
2021-05-10,123.87700653076172,128.9892906188965,34.6639462190053
2021-05-11,122.95903015136719,128.58440475463868,31.795032255572295
2021-05-12,119.89261627197266,128.1431858062744,29.487485844302924
2021-05-13,122.04107666015625,127.68899116516113,28.91393902970212
2021-05-14,124.46292877197266,127.3724609375,35.15161539346067
2021-05-17,123.31057739257812,126.96516723632813,33.93431714693209
2021-05-18,121.92388153076172,126.57286796569824,33.11022538278888
2021-05-19,121.76763153076172,126.15374603271485,33.031250706288816
2021-05-20,124.32623291015625,125.9385971069336,42.400309874248144
2021-05-21,122.49028778076172,125.51563682556153,37.07666269475958
2021-05-24,124.12114715576172,125.15472106933593,48.87163199949739
2021-05-25,123.92581939697266,124.80012397766113,47.91579547299603
2021-05-26,123.87700653076172,124.48257064819336,43.929087211006404
2021-05-27,122.34379577636719,124.09323043823242,39.22166836785586
2021-05-28,121.68950653076172,123.76964225769044,44.4499547432833
2021-06-01,121.36723327636719,123.37729454040527,45.83546576754458
2021-06-02,122.12896728515625,123.25165061950683,56.653167689795595
2021-06-03,120.64457702636719,123.03960037231445,45.67448798161678
2021-06-04,122.93950653076172,122.86235466003419,45.243963670073356
2021-06-07,122.94927215576172,122.65190505981445,48.785372246972855
2021-06-08,123.76956939697266,122.646533203125,56.45043797854743
2021-06-09,124.15043640136719,122.706103515625,58.198868346733015
2021-06-10,123.15434265136719,122.86918983459472,45.481884829566916
2021-06-11,124.36527252197266,122.98539962768555,57.59485612426789
2021-06-14,127.42194366455078,123.13335037231445,61.98581788201293
2021-06-15,126.60161590576172,123.29790229797364,59.29445049842902
2021-06-16,127.09968566894531,123.55669250488282,60.855267722820514
2021-06-17,128.70123291015625,123.90337257385254,71.31624858664566
2021-06-18,127.40240478515625,124.05718116760254,68.36150738750527
2021-06-21,129.19927978515625,124.39263076782227,72.99306106176059
2021-06-22,130.8399200439453,124.72856941223145,74.31836866834503
2021-06-23,130.5664825439453,125.06060256958008,79.70758513309528
2021-06-24,130.2832794189453,125.38091621398925,74.99998701384376
2021-06-25,129.99029541015625,125.76324119567872,73.51589935833832
2021-06-28,131.6211700439453,126.25982437133788,74.8762021432995
2021-06-29,133.1348114013672,126.84820327758788,76.55879561635531
2021-06-30,133.75006103515625,127.42925796508788,82.04360766941234
2021-07-01,134.05276489257812,128.09966735839845,80.99986962935185
2021-07-02,136.6797332763672,128.78667869567872,80.46257314786224
2021-07-06,138.6914825439453,129.57378921508788,86.8891033672324
2021-07-07,141.1817169189453,130.44439659118652,88.31024456986489
2021-07-08,139.88290405273438,131.23101997375488,80.92925964130936
2021-07-09,141.70901489257812,132.15875358581542,88.45142462504039
2021-07-12,141.11334228515625,132.99615707397462,84.23132095721435
2021-07-13,142.2266387939453,133.73639183044435,83.73854795481753
2021-07-14,145.6543731689453,134.68902969360352,87.66466865147687
2021-07-15,145.0000457763672,135.58404769897462,86.06986906095779
2021-07-16,142.9590301513672,136.29693756103515,79.276922006425
2021-07-19,139.11143493652344,136.88238906860352,65.37088111663886
2021-07-20,142.72467041015625,137.55865859985352,68.11820402665835
2021-07-21,141.99221801757812,138.11627349853515,65.50332018424038
2021-07-22,143.35943603515625,138.75592117309571,66.8316006525977
2021-07-23,145.07814025878906,139.49566421508788,65.70490871488639
2021-07-26,145.49810791015625,140.27105484008788,63.53400772940176
2021-07-27,143.33013916015625,140.85650329589845,54.32728922294487
2021-07-28,141.58203125,141.27886428833008,53.361492177226836
2021-07-29,142.2266387939453,141.70269317626952,51.074269406233626
2021-07-30,142.44143676757812,142.12212677001952,52.800583811584325
2021-08-02,142.1094207763672,142.39361114501952,49.74439750745979
2021-08-03,143.90635681152344,142.65435485839845,45.89647296840344
2021-08-04,143.5059051513672,142.77056427001952,46.45014174781216
2021-08-05,143.61331176757812,142.95708465576172,51.711751560293145
2021-08-06,142.92872619628906,143.01807022094727,61.96758891616708
2021-08-09,142.8798370361328,143.10639495849608,50.62647470136335
2021-08-10,142.40060424804688,143.11509323120117,51.68324926730481
2021-08-11,142.65487670898438,142.96511840820312,46.80267341760933
2021-08-12,145.61825561523438,142.99602890014648,52.20228384991844
2021-08-13,145.82366943359375,143.1392608642578,51.35109462981679
2021-08-16,147.79928588867188,143.57365341186522,68.84807252733675
2021-08-17,146.8897247314453,143.7819061279297,74.0882882907838
2021-08-18,143.14390563964844,143.8394905090332,53.248485293895136
2021-08-19,143.47642517089844,143.8453399658203,53.635084251809
2021-08-20,144.9336700439453,143.83811645507814,59.19272488874762
2021-08-23,146.42030334472656,143.88422622680665,58.35141283719119
2021-08-24,146.3322296142578,144.03433074951172,59.588140534541445
2021-08-25,145.09996032714844,144.21022720336913,54.68574907827874
2021-08-26,144.29795837402344,144.31379318237305,54.28395743063765
2021-08-27,145.33465576171875,144.45845413208008,57.23335818204544
2021-08-30,149.75534057617188,144.84075012207032,67.58649123959222
2021-08-31,148.49371337890625,145.07011795043945,63.32000824289816
2021-09-01,149.15878295898438,145.3527618408203,59.023103737383
2021-09-02,150.27369689941406,145.6857810974121,60.838534500892315
2021-09-03,150.90940856933594,146.08481521606444,58.10399353032343
2021-09-07,153.24691772460938,146.6031692504883,65.41752489192467
2021-09-08,151.7016143798828,147.06821975708007,73.23411172828868
2021-09-09,150.68446350097656,147.46969909667968,68.86832998347974
2021-09-10,145.696533203125,147.4736129760742,51.68539553109764
2021-09-13,146.26380920410156,147.4956199645996,49.63961735346454
2021-09-14,144.86521911621094,147.34891662597656,46.81399612146726
2021-09-15,145.75523376464844,147.2921920776367,51.444575709707024
2021-09-16,145.52047729492188,147.4110206604004,52.76422444457785
2021-09-17,142.85049438476562,147.37972412109374,44.769420376648505
2021-09-20,139.799072265625,147.12299423217775,27.75360105174441
2021-09-21,140.27825927734375,146.8158920288086,30.978181761654227
2021-09-22,142.6450958251953,146.63153533935548,36.02008167596192
2021-09-23,143.6035919189453,146.5567169189453,35.58760420279667
2021-09-24,143.6915740966797,146.52639770507812,34.025994550924
2021-09-27,142.17564392089844,146.36844711303712,24.573180774824337
2021-09-28,138.79168701171875,145.82026443481445,22.659478967189358
2021-09-29,139.69146728515625,145.38015213012696,26.60282245623972
2021-09-30,138.3906707763672,144.84174652099608,31.555517546637333
2021-10-01,139.5154266357422,144.3038330078125,33.42937602474679
2021-10-04,136.08251953125,143.5624885559082,30.39296305960565
2021-10-05,138.0092315673828,142.80060424804688,33.472376147493904
2021-10-06,138.87969970703125,142.1595085144043,36.20483073411944
2021-10-07,140.141357421875,141.63235321044922,44.02243883256661
2021-10-08,139.75990295410156,141.33552169799805,49.90203224883122
2021-10-11,139.67189025878906,141.00592575073242,48.453120268059905
2021-10-12,138.4004364013672,140.68268661499025,38.53065303759704
2021-10-13,137.8136749267578,140.2856086730957,34.03453557062794
2021-10-14,140.6009979248047,140.03963470458984,42.582131838704285
2021-10-15,141.6572723388672,139.97997360229493,48.72775480855654
2021-10-18,143.3297119140625,140.1565055847168,62.15924719981292
2021-10-19,145.49114990234375,140.4171501159668,64.55564252878669
2021-10-20,145.9801483154297,140.58390274047852,69.85666333449373
2021-10-21,146.19532775878906,140.7134895324707,68.350287468583
2021-10-22,145.42269897460938,140.8000457763672,80.0505065381617
2021-10-25,145.3738250732422,140.95995483398437,76.95093677128843
2021-10-26,146.03883361816406,141.32231216430665,76.59904008272568
2021-10-27,145.5791778564453,141.6166976928711,71.48401658566345
2021-10-28,149.2174530029297,142.1580368041992,79.71769128237584
2021-10-29,146.50828552246094,142.50767974853517,68.44336865331259
2021-11-01,145.68673706054688,142.987890625,70.14618711106424
2021-11-02,146.7234344482422,143.42360076904296,74.03689408634197
2021-11-03,148.16119384765625,143.8876754760742,71.99784756612475
2021-11-04,147.64279174804688,144.26274719238282,67.97877382055647
2021-11-05,148.17172241210938,144.6833381652832,65.616805908801
2021-11-08,147.3489532470703,145.06719131469725,56.55823624150951
2021-11-09,147.71136474609375,145.5327377319336,56.166483142000274
2021-11-10,144.88075256347656,145.88609161376954,46.05297639446045
2021-11-11,144.83177185058594,146.0976303100586,48.145132475484445
2021-11-12,146.9082489013672,146.36017913818358,54.2725673643154
2021-11-15,146.9180145263672,146.53959426879882,52.5407719417075
2021-11-16,147.89747619628906,146.6599105834961,56.50430589399743
2021-11-17,150.33631896972656,146.87771911621093,53.36565295301323
2021-11-18,154.62628173828125,147.29926681518555,72.29897554502497
2021-11-19,157.25128173828125,147.89069595336915,78.90258542709353
2021-11-22,157.71160888671875,148.50758514404296,78.2767435376901
2021-11-23,158.09361267089844,149.11032409667968,77.02853868480386
2021-11-24,158.61265563964844,149.76199798583986,79.85063905656632
2021-11-26,153.5880889892578,149.98052978515625,61.8415249832702
2021-11-29,156.94761657714844,150.50249633789062,68.88981377381879
2021-11-30,161.90362548828125,151.31334075927734,73.6533107371989
2021-12-01,161.3845672607422,152.04639739990233,79.80208615760365
2021-12-02,160.39532470703125,152.6581039428711,77.18117371414988
2021-12-03,158.51473999023438,153.20170135498046,70.4099632340906
2021-12-06,161.92324829101562,153.88927764892577,73.56931497288548
2021-12-07,167.662841796875,154.90497207641602,77.007569707991
2021-12-08,171.4827117919922,156.09353942871093,77.84376710286593
2021-12-09,170.97337341308594,157.3981704711914,73.90437829199709
2021-12-10,175.7628936767578,158.9447265625,75.45797738284848
2021-12-13,172.12916564941406,160.20577239990234,68.23594759207728
2021-12-14,170.74810791015625,161.39727706909179,65.61140537567329
2021-12-15,175.61599731445312,162.783203125,68.94375240764094
2021-12-16,168.7206573486328,163.70242004394532,66.18481865420267
2021-12-17,167.62362670898438,164.35228729248047,61.999084200398904
2021-12-20,166.26222229003906,164.80283432006837,55.329378721441664
2021-12-21,169.43563842773438,165.38903579711913,59.244217929019065
2021-12-22,172.03118896484375,166.0859146118164,62.88497723659879
2021-12-23,172.6580352783203,166.78818359375,66.10886936295151
2021-12-27,176.6248321533203,167.9400207519531,66.53446866873126
2021-12-28,175.60618591308594,168.87294921875,59.99503872063504
2021-12-29,175.69435119628906,169.5624855041504,55.84873067791827
2021-12-30,174.53860473632812,170.22018737792968,54.863738874231935
2021-12-31,173.92153930664062,170.89649810791016,47.165287854535755
2022-01-03,178.27029418945312,171.8842758178711,59.250440037455476
2022-01-04,176.0077667236328,172.58850173950196,57.71772710398894
2022-01-05,171.32598876953125,172.77165908813475,43.67051276163307
2022-01-06,168.46597290039062,172.62082214355468,49.57344639265626
2022-01-07,168.6325225830078,172.50377960205077,51.74409065610138
2022-01-10,168.652099609375,172.14823989868165,54.33240188384783
2022-01-11,171.4827117919922,172.11591720581055,53.75766548970904
2022-01-12,171.9234619140625,172.17468490600587,49.78526595997066
2022-01-13,168.652099609375,171.82649002075195,42.77646165402363
2022-01-14,169.51402282714844,171.86615829467775,35.56091376220468
2022-01-18,166.31118774414062,171.80053634643554,32.66354254476862
2022-01-19,162.8145294189453,171.62815170288087,28.68719340930369
2022-01-20,161.12986755371094,171.21286315917968,28.193680210868095
2022-01-21,159.0730438232422,170.5649559020996,26.932462255809483
2022-01-24,158.29925537109375,169.84701690673828,15.097633249705595
2022-01-25,156.49705505371094,168.84062805175782,15.344523657746493
2022-01-26,156.408935546875,167.88076553344726,18.336876634809343
2022-01-27,155.9485626220703,166.89347610473632,20.416734283210545
2022-01-28,166.83030700683594,166.50806121826173,47.17267846524627
2022-01-31,171.1888885498047,166.3714286804199,53.50284250008532
2022-02-01,171.0223846435547,166.009033203125,49.31389334143586
2022-02-02,172.22708129882812,165.81999893188475,50.44246134633841
2022-02-03,169.3474884033203,165.72107391357423,51.025087690175326
2022-02-04,169.0631103515625,165.7509307861328,49.32378595655077
2022-02-07,168.3472137451172,165.73666534423828,53.29945021114721
2022-02-08,171.4559783935547,165.87685928344726,64.18206095476974
2022-02-09,172.87802124023438,165.94662475585938,69.44832746207595
2022-02-10,168.7982940673828,165.79036636352538,65.08894454992685
2022-02-11,165.38548278808594,165.62703552246094,60.1622536424354
2022-02-14,165.62083435058594,165.4323760986328,63.69995087652411
2022-02-15,169.4553680419922,165.5895851135254,67.6088988257178
2022-02-16,169.22003173828125,165.90986022949218,68.0221115915116
2022-02-17,165.62083435058594,166.13440856933593,47.95264298747161
2022-02-18,164.07131958007812,166.38432235717772,36.685355509516924
2022-02-22,161.14883422851562,166.52680130004882,33.256274307361494
2022-02-23,156.9808807373047,166.5509925842285,26.506417867984013
2022-02-24,159.5993194580078,166.71051177978515,34.85671077146257
2022-02-25,161.66864013671875,166.99651565551758,39.11661609056626
2022-02-28,161.9333953857422,166.75167007446288,40.432915054839306
2022-03-01,160.05047607421875,166.1947494506836,32.34135543328553
2022-03-02,163.34559631347656,165.8109100341797,36.050435892477616
2022-03-03,163.02194213867188,165.35065307617188,40.502980119325194
2022-03-04,160.02101135253906,164.88432922363282,41.059068751119
2022-03-07,156.22572326660156,164.24245986938476,36.00228612791404
2022-03-08,154.401611328125,163.54517974853516,26.142280144534936
2022-03-09,159.80528259277344,162.9626449584961,37.17943123680292
2022-03-10,155.46078491210938,162.09178314208984,36.43976566837179
2022-03-11,151.74391174316406,161.23906402587892,34.446881691118065
2022-03-14,147.71322631835938,160.35545120239257,33.509824632372215
2022-03-15,152.0969696044922,159.67925796508788,44.03732243601065
2022-03-16,156.51010131835938,159.03199462890626,46.38676974663217
2022-03-17,157.52023315429688,158.44700469970704,45.02463980932331
2022-03-18,160.81539916992188,158.20673294067382,48.750002132549014
2022-03-21,162.18838500976562,158.1125862121582,52.417902452796454
2022-03-22,165.56199645996094,158.33324432373047,52.50223084317258
2022-03-23,166.92518615722656,158.83045959472656,54.30555335810709
2022-03-24,170.7106475830078,159.38602600097656,61.59081042159712
2022-03-25,171.34814453125,159.87000122070313,67.60273142923316
2022-03-28,172.21116638183594,160.3838897705078,71.20504836857131
2022-03-29,175.50628662109375,161.15668029785155,69.68278568015515
2022-03-30,174.3392791748047,161.70636444091798,75.71467586382344
2022-03-31,171.2402801513672,162.11728134155274,77.01094801321507
2022-04-01,170.946044921875,162.66353302001954,85.90486467519311
2022-04-04,174.996337890625,163.6020637512207,85.75807988075024
2022-04-05,171.68154907226562,164.46606063842773,74.53219190790695
2022-04-06,168.513916015625,164.9014923095703,66.61730937244276
2022-04-07,168.8179473876953,165.5693504333496,63.29862630772593
2022-04-08,166.80746459960938,166.32252807617186,57.51671866262618
2022-04-11,162.5512237548828,167.06442794799804,45.23732513558057
2022-04-12,164.42437744140625,167.68079833984376,46.10683824231561
2022-04-13,167.1114959716797,168.21086807250975,44.19858901216094
2022-04-14,162.10011291503906,168.4398620605469,36.9354128755202
2022-04-18,161.8843994140625,168.4933120727539,35.13971772325391
2022-04-19,164.1693878173828,168.59236221313478,33.197658719623035
2022-04-20,164.002685546875,168.51439666748047,34.21207800422398
2022-04-21,163.2082977294922,168.32855224609375,36.80302617011377
2022-04-22,158.6676788330078,167.72640380859374,32.29636891579656
2022-04-25,159.73663330078125,167.1458282470703,25.928177843505964
2022-04-26,153.77395629882812,166.2239677429199,23.92914615150167
2022-04-27,153.5484161376953,165.12607421875,26.171098480486265
2022-04-28,160.48196411132812,164.43320846557617,39.04068835551447
2022-04-29,154.60755920410156,163.6015724182129,35.44005282520516
2022-05-02,154.91160583496094,162.7998504638672,39.932833275960256
2022-05-03,156.40223693847656,161.87014541625976,39.32110243059435
2022-05-04,162.8159942626953,161.42686767578124,44.798041841845404
2022-05-05,153.7445526123047,160.68839950561522,40.78716963761757
2022-05-06,154.47132873535156,159.97106857299804,41.917447405170925
2022-05-09,149.3445281982422,159.0979217529297,34.77949456420592
2022-05-10,151.7508087158203,158.55790100097656,37.974176213419916
2022-05-11,143.88385009765625,157.53087463378907,33.34456455096303
2022-05-12,140.0142059326172,156.17601013183594,33.73474226502357
2022-05-13,144.48294067382812,155.2951515197754,37.443710186402626
2022-05-16,142.94097900390625,154.34798049926758,40.38274494164489
2022-05-17,146.57489013671875,153.46825561523437,44.16235160853803
2022-05-18,138.3052520751953,152.1833839416504,31.84171236308255
2022-05-19,134.89724731445312,150.76783142089843,33.18192222152494
2022-05-20,135.1329345703125,149.59109420776366,33.10388319420245
2022-05-23,140.5543975830078,148.631982421875,37.313824433582646
2022-05-24,137.85348510742188,147.8359588623047,28.754665760028956
2022-05-25,138.01063537597656,147.05906982421874,34.213647870918905
2022-05-26,141.21238708496094,146.0955909729004,37.32630401071609
2022-05-27,146.9677734375,145.7136016845703,47.75513062968411
2022-05-31,146.18203735351562,145.27712326049806,44.57413933008971
2022-06-01,146.0543670654297,144.7597297668457,52.49040146643534
2022-06-02,148.50975036621094,144.04441757202147,60.07455070533653
2022-06-03,142.78384399414062,143.4963821411133,48.043442355066226
2022-06-06,143.53025817871094,142.94932861328124,50.69123632123883
2022-06-07,146.0543670654297,142.78482055664062,49.373093580021035
2022-06-08,145.31776428222656,142.46316833496093,60.317926446393805
2022-06-09,140.0927734375,142.27361450195312,57.256490890972124
2022-06-10,134.68116760253906,142.00696258544923,49.44872964086897
2022-06-13,129.52491760253906,141.25906143188476,36.45355518556861
2022-06-14,130.38922119140625,140.63147354125977,40.39923096187075
2022-06-15,133.0115203857422,139.95330505371095,43.95342605108458
2022-06-16,127.7374267578125,139.4249137878418,34.47969695254814
2022-06-17,129.21063232421875,139.14058303833008,27.309238670529922
2022-06-21,133.44363403320312,139.0561180114746,35.04033688737569
2022-06-22,132.9329376220703,138.67504501342773,34.72791324139931
2022-06-23,135.80079650878906,138.5724105834961,35.34867210060288
2022-06-24,139.13026428222656,138.6283920288086,45.541685550123994
2022-06-27,139.13026428222656,138.52428588867187,44.531245851372354
2022-06-28,134.9856414794922,137.9251792907715,36.77539983723569
2022-06-29,136.74366760253906,137.45326080322266,39.99998576287499
2022-06-30,134.2784881591797,136.86446685791014,42.75218559517691
2022-07-01,136.4490203857422,136.2614303588867,52.39744367586234
2022-07-05,139.03204345703125,136.07384033203124,63.860274963595195
2022-07-06,140.36776733398438,135.91571578979492,64.35029830531683
2022-07-07,143.7365264892578,135.79982376098633,65.09960652351191
2022-07-08,144.41419982910156,135.75464553833007,76.9695596791475
2022-07-11,142.28292846679688,135.86415328979493,70.69984159307687
2022-07-12,143.2552490234375,136.29285736083983,67.32573065569053
2022-07-13,142.89186096191406,136.9612045288086,67.67782154790228
2022-07-14,145.8186492919922,137.7326759338379,67.74530102115284
2022-07-15,147.48829650878906,138.45651473999024,65.73012798864161
2022-07-18,144.4436492919922,139.2918258666992,58.971795698913645
2022-07-19,148.30348205566406,140.2464683532715,72.70591197952925
2022-07-20,150.3070526123047,141.08963928222656,72.93253954740167
2022-07-21,152.57579040527344,142.07178192138673,81.1433736066238
2022-07-22,151.3383026123047,142.8486572265625,76.17401418001407
2022-07-25,150.21865844726562,143.40307693481446,70.7317004198791
2022-07-26,148.89276123046875,143.89120178222657,65.80478239124088
2022-07-27,153.9900665283203,144.84142303466797,67.86442332538977
2022-07-28,154.54005432128906,145.73124237060546,67.72080508524363
2022-07-29,159.60794067382812,146.9977149963379,77.4937864796121
2022-08-01,158.62579345703125,148.10655364990234,74.38455460577023
2022-08-02,157.1525421142578,149.01257858276367,71.85422348931266
2022-08-03,163.16326904296875,150.1523536682129,74.28485848857068
2022-08-04,162.84901428222656,151.10797805786132,72.35562381579683
2022-08-05,162.622802734375,152.018408203125,78.82199820495886
2022-08-08,162.1507110595703,153.01179733276368,74.59613201748061
2022-08-09,162.19989013671875,153.95902938842772,72.70075254717909
2022-08-10,166.44862365722656,155.13686752319336,74.61921813801948
2022-08-11,165.7110137939453,156.13148574829103,75.96702659309346
2022-08-12,169.2614288330078,157.22014236450195,81.6265223590185
2022-08-15,170.33348083496094,158.5146339416504,85.91187458820438
2022-08-16,170.17611694335938,159.60826568603517,82.48656919186072
2022-08-17,171.67105102539062,160.67646560668945,83.12660255937399
2022-08-18,171.2776336669922,161.6115577697754,77.54574419269721
2022-08-19,168.69102478027344,162.47919387817382,72.08561370708584
2022-08-22,164.80616760253906,163.2085693359375,65.18669545829434
2022-08-23,164.47177124023438,163.98751983642578,53.351331325103445
2022-08-24,164.76683044433594,164.52635803222657,54.916738646036755
2022-08-25,167.22557067871094,165.16063385009767,60.588154767963886
2022-08-26,160.9213104248047,165.22630233764647,47.7702095344368
2022-08-29,158.71827697753906,165.23092651367188,44.14293466514223
2022-08-30,156.28900146484375,165.18774948120117,31.794112065764438
2022-08-31,154.62689208984375,164.76093063354492,30.774438577686027
2022-09-01,155.3546905517578,164.38621444702147,23.260289920384565
2022-09-02,153.24012756347656,163.91708068847657,18.39996750378276
2022-09-06,151.9812469482422,163.40860748291016,17.679919206506412
2022-09-07,153.3876953125,162.9679977416992,17.420322104905964
2022-09-08,151.91241455078125,162.24118728637694,16.773597304436848
2022-09-09,154.77439880371094,161.69435653686523,26.3456945865139
2022-09-12,160.7344207763672,161.26800613403321,43.535237541487994
2022-09-13,151.30264282226562,160.31646423339845,33.77755957017446
2022-09-14,152.74839782714844,159.4450782775879,35.603194773252696
2022-09-15,149.8568878173828,158.3543701171875,29.407669791557367
2022-09-16,148.21441650390625,157.2012092590332,33.06240249927288
2022-09-19,151.9320831298828,156.36326217651367,41.30544601181274
2022-09-20,154.31216430664062,155.83856201171875,47.46405549113396
2022-09-21,151.18458557128906,155.1742027282715,45.74412493232141
2022-09-22,150.22079467773438,154.4469009399414,43.689562208982395
2022-09-23,147.94888305664062,153.4830665588379,43.52121480935649
2022-09-26,148.28329467773438,152.85116577148438,45.36721584867947
2022-09-27,149.25694274902344,152.3780990600586,44.7682708448402
2022-09-28,147.36859130859375,151.93207855224608,44.30469564631981
2022-09-29,140.1300048828125,151.20723419189454,33.45922728436854
2022-09-30,135.9205780029297,150.23552856445312,20.81889411109421
2022-10-03,140.10047912597656,149.57854614257812,34.96962785679335
2022-10-04,143.6903076171875,149.16399917602538,38.50763478334267
2022-10-05,143.98536682128906,148.69388275146486,42.02514509495731
2022-10-06,143.03134155273438,148.2498291015625,42.82604838982192
2022-10-07,137.77943420410156,147.40008087158202,31.209227921691678
2022-10-10,138.10400390625,146.26856002807617,27.237645921317565
2022-10-11,136.68772888183594,145.53781433105468,28.612964775523764
2022-10-12,136.0583038330078,144.70330963134765,28.89806489867057
2022-10-13,140.63160705566406,144.2420455932617,39.797075535406464
2022-10-14,136.09762573242188,143.6362060546875,34.790077935137845
2022-10-17,140.0611572265625,143.04265975952148,39.31919162201967
2022-10-18,141.37905883789062,142.396004486084,42.94979560460087
2022-10-19,141.4872283935547,141.91113662719727,51.919840139588636
2022-10-20,141.0250244140625,141.45134811401368,58.076634653875075
2022-10-21,144.84100341796875,141.29595413208008,57.58819946138256
2022-10-24,146.9850311279297,141.23104095458984,55.5298485254369
2022-10-25,149.827392578125,141.25956344604492,59.032851235867255
2022-10-26,146.88670349121094,141.23546905517577,55.61607821188817
2022-10-27,142.41175842285156,141.34955673217775,56.9041554472018
2022-10-28,153.17129516601562,142.21209259033202,67.12880053121918
2022-10-31,150.81088256835938,142.74761276245118,65.71807705801818
2022-11-01,148.16525268554688,142.97136001586915,62.895461792626854
2022-11-02,142.63795471191406,142.90398941040038,52.09445433449848
2022-11-03,136.58937072753906,142.58189086914064,50.4976040827406
2022-11-04,136.32342529296875,142.50909042358398,45.91180189406026
2022-11-07,136.85537719726562,142.44665908813477,44.965602312741815
2022-11-08,137.42674255371094,142.4836097717285,45.52720573898895
2022-11-09,132.8655548095703,142.32397232055663,41.756431811223564
2022-11-10,144.6871795654297,142.52675094604493,49.86622979812523
2022-11-11,147.4751434326172,143.0956268310547,50.421496865018646
2022-11-14,146.07626342773438,143.3963821411133,46.691893433953325
2022-11-15,147.81007385253906,143.7179328918457,50.83202806186986
2022-11-16,146.57867431640625,143.97250518798828,53.98781588724424
2022-11-17,148.4800262451172,144.34525527954102,44.59374341685783
2022-11-18,149.0415496826172,144.55528259277344,47.87281075894912
2022-11-21,145.81024169921875,144.49654312133788,47.20799528786568
2022-11-22,147.94802856445312,144.4025749206543,56.84558105243031
2022-11-23,148.82481384277344,144.4994804382324,68.20052531851861
2022-11-25,145.9087677001953,144.6743309020996,63.21642764180227
2022-11-28,142.0765838623047,144.11959533691407,56.59856179480603
2022-11-29,139.0719451904297,143.53264846801758,51.95873823975886
2022-11-30,145.8299560546875,143.4158836364746,64.66783115977782
2022-12-01,146.10581970214844,143.58927688598632,52.17265924779982
2022-12-02,145.61322021484375,144.04046936035155,46.93280232218508
2022-12-05,144.45077514648438,144.44683685302735,47.30126576634547
2022-12-06,140.78607177734375,144.64337158203125,39.04097163663236
2022-12-07,138.84536743164062,144.71430282592775,38.195569559518034
2022-12-08,140.52992248535156,145.0975212097168,37.78378849849424
2022-12-09,140.04722595214844,144.86552352905272,36.14566684842901
2022-12-12,142.3426055908203,144.6088966369629,44.50007575086532
2022-12-13,143.3079833984375,144.47048263549806,42.35627514895825
2022-12-14,141.08163452148438,144.13406066894532,37.78738184042785
2022-12-15,134.4713592529297,143.5286949157715,33.843543426773664
2022-12-16,132.5109100341797,142.7302391052246,35.73311631328083
2022-12-19,130.40272521972656,141.79829788208008,36.71489541603961
2022-12-20,130.33377075195312,141.02447433471679,20.12903051223948
2022-12-21,133.4369354248047,140.29891967773438,27.97928917811285
2022-12-22,130.26478576660156,139.37091827392578,25.595095120596085
2022-12-23,129.90028381347656,138.57049407958985,26.26149421138345
2022-12-27,128.09750366210938,137.87154006958008,27.96015665087718
2022-12-28,124.16680145263672,137.12628288269042,26.152205025076796
2022-12-29,127.68372344970703,136.2189712524414,30.302006489968008
2022-12-30,127.99898529052734,135.31362953186036,31.430221058857697
2023-01-03,123.21119689941406,134.19352836608886,22.61688856274243
2023-01-04,124.48202514648438,133.19509086608886,23.287655810352405
2023-01-05,123.16194915771484,132.31388473510742,23.902386883109642
2023-01-06,127.693603515625,131.75629653930665,39.49296514268413
2023-01-09,128.21571350097656,131.14058609008788,43.03069031545974
2023-01-10,128.787109375,130.57758026123048,47.24093200790919
2023-01-11,131.50608825683594,130.03575439453124,51.83585875722955
2023-01-12,131.42727661132812,129.44171905517578,46.523558136465624
2023-01-13,132.75718688964844,129.02549667358397,54.60503056920232
2023-01-17,133.91964721679688,128.99791107177734,57.213584969317765
2023-01-18,133.20050048828125,129.03239059448242,59.52903330588473
2023-01-19,133.25961303710938,129.17523498535155,69.84943705025727
2023-01-20,135.82095336914062,129.44959411621093,68.53678095355285
2023-01-23,139.0128173828125,129.72838821411133,72.18251803591048
2023-01-24,140.4116973876953,130.23573379516603,90.11952732892152
2023-01-25,139.75167846679688,130.72830352783203,86.66049498951156
2023-01-26,141.82049560546875,131.414453125,93.2421273966843
2023-01-27,143.7611541748047,132.3941707611084,92.31976773627264
2023-01-30,140.8747100830078,133.05372009277343,79.64936256836772
2023-01-31,142.14556884765625,133.76104927062988,80.2949978268272
2023-02-01,143.2686004638672,134.76391944885253,78.75729314332612
2023-02-02,148.57850646972656,135.96874351501464,83.39095432603045
2023-02-03,152.20379638671875,137.42083587646485,84.75360706387319
2023-02-06,149.47500610351562,138.50990600585936,76.32560791568666
2023-02-07,152.35157775878906,139.71669921875,80.20523730563464
2023-02-08,149.66213989257812,140.7604507446289,73.88816591821424
2023-02-09,148.6277618408203,141.6165344238281,69.51962993713676
2023-02-10,148.99281311035156,142.49481124877929,66.6454584462247
2023-02-13,151.79489135742188,143.44669647216796,68.13688760176349
2023-02-14,151.15354919433594,144.30839157104492,68.17746376222826
2023-02-15,153.25511169433594,145.31112213134764,68.21065462503809
2023-02-16,151.65676879882812,146.2309799194336,62.71309201781735
2023-02-17,150.5122528076172,146.9655448913574,66.44005838820242
2023-02-21,146.49661254882812,147.3397346496582,56.7866421555794
2023-02-22,146.9208984375,147.66519470214843,55.823700441600465
2023-02-23,147.40431213378906,148.04782638549804,47.78710266656544
2023-02-24,144.75027465820312,148.19431533813477,35.41924368262944
2023-02-27,145.944091796875,148.30346221923827,42.65142257575257
2023-02-28,145.44093322753906,148.53177337646486,34.04086476795092
2023-03-01,143.36895751953125,148.5929428100586,35.04016807186001
2023-03-02,143.96096801757812,148.62756118774413,38.66800744293859
2023-03-03,149.0125732421875,148.64926452636718,50.0390859619523
2023-03-06,151.77516174316406,148.62783279418946,49.96091334006845
2023-03-07,149.57498168945312,148.63283157348633,47.054596433047465
2023-03-08,150.82797241210938,148.55665130615233,45.32317200459847
2023-03-09,148.5784149169922,148.50246505737306,44.21357206080851
2023-03-10,146.516357421875,148.3968948364258,42.73930824149165
2023-03-13,148.4600372314453,148.37025604248046,53.85811954638648
2023-03-14,150.5517120361328,148.308097076416,56.695768549143686
2023-03-15,150.94639587402344,148.2977394104004,56.55358471773179
2023-03-16,153.76820373535156,148.32339401245116,66.58208200596957
2023-03-17,152.92953491210938,148.38703231811525,63.01475011456896
2023-03-20,155.29747009277344,148.62629318237305,67.17081982970544
2023-03-21,157.15232849121094,149.1590789794922,74.19468197886484
2023-03-22,155.7217254638672,149.59912033081054,70.05388444116032
2023-03-23,156.80702209472656,150.06925582885742,65.36967532791863
2023-03-24,158.10940551757812,150.73721237182616,63.2535648082816
2023-03-27,156.1657257080078,151.2482940673828,63.93988625559379
2023-03-28,155.54409790039062,151.7534523010254,60.24865274961105
2023-03-29,158.6224365234375,152.5161262512207,71.0678715478994
2023-03-30,160.1912078857422,153.3276382446289,79.28984954960313
2023-03-31,162.697265625,154.01187286376953,79.77703865824913
2023-04-03,163.95030212402344,154.6206298828125,79.04182387773785
2023-04-04,163.4175262451172,155.3127571105957,76.87067091525745
2023-04-05,161.57254028320312,155.8499855041504,67.55438800495057
2023-04-06,162.46047973632812,156.5440887451172,71.39065635637624
2023-04-10,159.86561584472656,157.21155166625977,60.14908109148947
2023-04-11,158.65208435058594,157.7211540222168,53.429755065351266
2023-04-12,157.96141052246094,158.0916389465332,55.30129010820728
2023-04-13,163.34844970703125,158.71174163818358,62.86380775599097
2023-04-14,163.003173828125,159.17349014282226,60.000099777122855
2023-04-17,163.02285766601562,159.67815628051758,65.20792455818443
2023-04-18,164.2462921142578,160.1255973815918,68.79815257597123
2023-04-19,165.39080810546875,160.5375213623047,65.95366957562575
2023-04-20,164.42388916015625,160.97262954711914,60.26814831815036
2023-04-21,162.81565856933594,161.2730613708496,50.30029297819886
2023-04-24,163.12155151367188,161.5236686706543,47.79185466644658
2023-04-25,161.58238220214844,161.79450149536132,45.35927173272171
2023-04-26,161.57254028320312,162.09592361450194,50.0
2023-04-27,166.16041564941406,162.4728225708008,58.550041290579195
2023-04-28,167.41342163085938,162.83393325805665,68.59515254586451
2023-05-01,167.32464599609375,163.06530227661133,72.61974597782302
2023-05-02,166.2886505126953,163.1822196960449,71.33476885450727
2023-05-03,165.21319580078125,163.27200317382812,56.132390753241125
2023-05-04,163.5753936767578,163.37214584350585,51.73435720886006
2023-05-05,171.25148010253906,163.81169586181642,67.03436939119624
2023-05-08,171.18240356445312,164.37753524780274,65.07939351357018
2023-05-09,169.4755096435547,164.91870651245117,58.66834618336308
2023-05-10,171.24159240722656,165.58271560668945,63.99353823970275
2023-05-11,171.42906188964844,165.98674621582032,68.7742374071911
2023-05-12,170.50033569335938,166.36160430908203,65.65805970303903
2023-05-15,170.00634765625,166.71077880859374,68.70572800724277
2023-05-16,170.00634765625,166.99878158569337,68.73577151441933
2023-05-17,170.61891174316406,167.26018676757812,62.02923323683335
2023-05-18,172.9506072998047,167.68652267456054,64.117830596148
2023-05-19,173.05929565429688,168.1987045288086,64.60646122132349
2023-05-22,172.1107635498047,168.64816513061524,64.8956021905504
2023-05-23,169.50245666503906,169.04416885375977,60.17574178395938
2023-05-24,169.7790985107422,169.45449676513672,65.73366170649817
2023-05-25,170.91531372070312,169.69224166870117,48.72421472987356
2023-05-26,173.32603454589844,169.9878723144531,56.90757416478266
2023-05-30,175.17361450195312,170.38032073974608,68.19642319398193
2023-05-31,175.1241912841797,170.8220977783203,63.92555669389935
2023-06-01,177.9301300048828,171.45794448852538,69.62998934770349
2023-06-02,178.77980041503906,172.21816482543946,75.11978822830085
2023-06-05,177.42626953125,172.526904296875,71.39599881023828
2023-06-06,177.06072998046875,172.8208206176758,69.92195243028205
2023-06-07,175.6873779296875,173.13141403198242,63.723901544980606
2023-06-08,178.4044189453125,173.48955535888672,64.46543756794188
2023-06-09,178.78970336914062,173.85758743286132,64.97928296895716
2023-06-12,181.58575439453125,174.41185836791993,72.58607181386796
2023-06-13,181.11154174804688,174.96711807250978,80.8077085983947
2023-06-14,181.74386596679688,175.55399398803712,81.16330587630267
2023-06-15,183.77915954589844,176.21200637817384,82.00604551677324
2023-06-16,182.70220947265625,176.6995864868164,74.98688596851494
2023-06-20,182.7911376953125,177.1861785888672,72.39981549683043
2023-06-21,181.75372314453125,177.6683265686035,68.42403440610707
2023-06-22,184.7572784423828,178.4310676574707,68.76709248987453
2023-06-23,184.4410858154297,179.16416702270507,66.03248516526918
2023-06-26,183.0480499267578,179.77080383300782,65.88506567811042
2023-06-27,185.80458068847656,180.3947311401367,71.76585253200665
2023-06-28,186.98031616210938,180.98506622314454,78.39055221049918
2023-06-29,187.31622314453125,181.59466781616212,75.45151242062254
2023-06-30,191.64369201660156,182.28034591674805,79.96323594795838
2023-07-03,190.1518096923828,182.84894638061525,71.26054060932353
2023-07-05,189.03533935546875,183.42939987182618,69.0588706800495
2023-07-06,189.5095672607422,184.05184173583984,68.82175119324901
2023-07-07,188.3931427001953,184.68712997436523,61.704245828565945
2023-07-10,186.34799194335938,185.08430862426758,58.81521294791819
2023-07-11,185.82435607910156,185.43604125976563,57.18308047319403
2023-07-12,187.49407958984375,185.73145751953126,63.1986847626412
2023-07-13,188.25482177734375,186.0886215209961,58.96662147138419
2023-07-14,188.4030303955078,186.42157974243165,60.24544883470597
2023-07-17,191.6634521484375,186.8157943725586,70.31692033775474
2023-07-18,191.4065399169922,187.2510108947754,64.97616899211398
2023-07-19,192.76014709472656,187.74946136474608,65.30612079966315
2023-07-20,190.81375122070312,188.20246276855468,58.53418977806505
2023-07-21,189.6380157470703,188.44649963378907,44.21646585073092
2023-07-24,190.4383087158203,188.7463607788086,50.86046341105734
2023-07-25,191.29788208007812,189.15885238647462,56.90176167655305
2023-07-26,192.16734313964844,189.47699050903321,57.91650986359496
2023-07-27,190.90267944335938,189.6731086730957,57.409528203196736
2023-07-28,193.48135375976562,189.98136520385742,70.41831399056244
2023-07-31,194.0939483642578,190.10387802124023,73.55068936986797
2023-08-01,193.26400756835938,190.25948791503907,67.25743441829898
2023-08-02,190.2703399658203,190.32123794555665,55.317947978810174
2023-08-03,188.87725830078125,190.28962249755858,51.17412076001454
2023-08-04,179.807373046875,189.86033401489257,27.20378117977033
2023-08-07,176.70504760742188,189.3781867980957,24.520721613660925
2023-08-08,177.64361572265625,188.96914978027343,23.419015866320862
2023-08-09,176.0529327392578,188.39709243774413,23.71569317382125
2023-08-10,175.83560180664062,187.776131439209,24.553768598249675
2023-08-11,175.8949432373047,187.15072708129884,22.434646401662164
2023-08-14,177.54713439941406,186.44491119384764,24.697223842930953
2023-08-15,175.5585479736328,185.6525115966797,20.6470583793661
2023-08-16,174.68795776367188,184.74890213012696,20.938714250708856
2023-08-17,172.1453399658203,183.81548156738282,11.710448129030496
2023-08-18,172.63011169433594,182.9650863647461,11.303525408957569
2023-08-21,173.96571350097656,182.1414566040039,15.830715836875711
2023-08-22,175.34092712402344,181.34360885620117,21.959108573786835
2023-08-23,179.18943786621094,180.6947135925293,33.34064535021325
2023-08-24,174.49993896484375,179.87457656860352,39.254392739791875
2023-08-25,176.7061767578125,179.03581771850585,50.002372190236834
2023-08-28,178.26934814453125,178.24458770751954,51.28096039543343
2023-08-29,182.15744018554688,177.68925933837892,61.422354598492376
2023-08-30,185.6498565673828,177.45823516845704,66.35881361613897
2023-08-31,185.86749267578125,177.30774688720703,66.53540777038498
2023-09-01,187.4405517578125,177.6894058227539,66.44736007662877
2023-09-05,187.67799377441406,178.23805313110353,71.39365554453002
2023-09-06,180.9603729248047,178.40389099121094,59.177740993592735
2023-09-07,175.6674041748047,178.38461456298828,54.769569903493604
2023-09-08,176.28076171875,178.40687255859376,54.92654323453574
2023-09-11,177.4481964111328,178.48453521728516,54.72103004291846
2023-09-12,174.42080688476562,178.32821884155274,48.80611890541728
2023-09-13,172.3531036376953,178.16794662475587,40.69988441955701
2023-09-14,173.86679077148438,178.12688827514648,49.05720395786206
2023-09-15,173.14454650878906,178.1768486022949,44.451290740812055
2023-09-18,176.0730438232422,178.34899520874023,46.7179708181986
2023-09-19,177.1613006591797,178.5087745666504,41.85227303832401
2023-09-20,173.61944580078125,178.42270050048828,30.412336557261796
2023-09-21,172.07608032226562,178.06703262329103,28.474382191805617
2023-09-22,172.92691040039062,177.98838119506837,26.824637713646368
2023-09-25,174.2031707763672,177.86323089599608,29.174327158088957
2023-09-26,170.1270751953125,177.45611724853515,31.76823033161091
2023-09-27,168.6133575439453,176.77891311645507,36.39826903001894
2023-09-28,168.87062072753906,175.9399513244629,35.51269437733919
2023-09-29,169.3850860595703,175.11583099365234,33.8230684078018
2023-10-02,171.8979949951172,174.33870315551758,44.83181800847365
2023-10-03,170.56236267089844,173.4829216003418,46.218088774596055
2023-10-04,171.8089599609375,173.02535095214844,45.60442640668654
2023-10-05,173.04562377929688,172.89426193237304,49.793242542475696
2023-10-06,175.59812927246094,172.8601303100586,48.99153542975417
2023-10-09,177.08213806152344,172.84182739257812,49.83467956259552
2023-10-10,176.48855590820312,172.94521484375,56.83320056750125
2023-10-11,177.8834991455078,173.22173461914062,63.92968745996901
2023-10-12,178.7838134765625,173.46758575439452,64.01511057623495
2023-10-13,176.94366455078125,173.65754165649415,56.38546369372131
2023-10-16,176.81503295898438,173.69464111328125,69.0960295427256
2023-10-17,175.2617645263672,173.59966430664062,68.94032261710389
2023-10-18,173.96571350097656,173.6169776916504,63.704058783743854
2023-10-19,173.5897979736328,173.69266357421876,61.39415952154122
2023-10-20,171.03729248046875,173.59818267822266,47.672615614151056
2023-10-23,171.15599060058594,173.4458236694336,51.718286518888604
2023-10-24,171.59130859375,173.51903533935547,49.33895021735302
2023-10-25,169.27626037597656,173.55218048095702,39.255525795454446
2023-10-26,165.11111450195312,173.36420516967775,22.62387781229063
2023-10-27,166.4269561767578,173.2162986755371,21.938503232526514
2023-10-30,168.47483825683594,173.04514083862304,30.396696769107535
2023-10-31,168.9497833251953,172.9645118713379,27.116171738933303
2023-11-01,172.11566162109375,172.9798469543457,34.6957386602415
2023-11-02,175.6772918701172,173.1114303588867,47.3063648502245
2023-11-03,174.76707458496094,173.06987762451172,45.78407185500838
2023-11-06,177.319580078125,173.0817497253418,54.06882619187122
2023-11-07,179.88198852539062,173.25142135620118,61.14010776680674
2023-11-08,180.94056701660156,173.40427474975587,63.494283963163696
2023-11-09,180.46568298339844,173.48836822509764,68.7376237173395
2023-11-10,184.65609741210938,173.87398986816407,73.0923445303271
2023-11-13,183.07110595703125,174.1867935180664,68.89344492839808
2023-11-14,185.68637084960938,174.70802383422853,76.74347472973113
2023-11-15,186.2510528564453,175.32229080200196,89.03220389886197
2023-11-16,187.93515014648438,176.03955841064453,89.17935111017718
2023-11-17,187.91534423828125,176.88346099853516,88.23814711770197
2023-11-20,189.65887451171875,177.8086051940918,88.79721545518423
2023-11-21,188.8564453125,178.6718620300293,84.41003342131938
2023-11-22,189.52017211914062,179.6840576171875,82.30161471221805
2023-11-24,188.19273376464844,180.83813858032227,80.72970582934833
2023-11-27,188.014404296875,181.91751098632812,77.46406023711152
2023-11-28,188.6186981201172,182.9247039794922,74.94425793567466
2023-11-29,187.59829711914062,183.85712966918945,69.05007444147066
2023-11-30,188.1728973388672,184.6599914550781,71.92788240299376
2023-12-01,189.4508514404297,185.34866943359376,66.35146259752992
2023-12-04,187.6577606201172,185.99320373535156,65.42287970101498
2023-12-05,191.6104278564453,186.70774612426757,68.27617698148558
2023-12-06,190.52073669433594,187.23968353271485,62.75899364553619
2023-12-07,192.45248413085938,187.81527938842774,63.30215621748015
2023-12-08,193.8790283203125,188.48594665527344,66.21761133435244
2023-12-11,191.37271118164062,188.82177734375,54.474949082204745
2023-12-12,192.88836669921875,189.31264038085936,60.14960367394788
2023-12-13,196.10797119140625,189.8337203979492,64.69288215147208
2023-12-14,196.25656127929688,190.3339958190918,68.98310357189297
2023-12-15,195.7216033935547,190.72331848144532,67.84394798925757
2023-12-18,194.0573272705078,191.03041763305663,62.00257275439625
2023-12-19,195.0975341796875,191.30235061645507,66.53569640559644
2023-12-20,193.00726318359375,191.50989151000977,59.991838119765184
2023-12-21,192.85862731933594,191.67681427001952,57.38821019870213
2023-12-22,191.7887725830078,191.8566162109375,59.24618001243161
2023-12-26,191.24391174316406,192.01809158325196,49.03197934029513
2023-12-27,191.34295654296875,192.15430450439453,52.29151020665054
2023-12-28,191.76895141601562,192.3628372192383,47.92047328312314
2023-12-29,190.728759765625,192.49063034057616,40.18513870189931
2024-01-02,183.9032440185547,192.21324996948243,31.66341403115787
2024-01-03,182.5262451171875,191.95667419433593,24.387958917666367
2024-01-04,180.2081298828125,191.3865592956543,8.867341202923
2024-01-05,179.48492431640625,190.83476867675782,7.864718861984841
2024-01-08,183.823974609375,190.4033432006836,24.906105839878833
2024-01-09,183.4079132080078,189.87978744506836,26.290385702482936
2024-01-10,184.4480743408203,189.53355560302734,26.290235459181076
2024-01-11,183.85366821289062,189.08182067871093,28.166318719554624
2024-01-12,184.18060302734375,188.4854522705078,29.475256179008085
2024-01-16,181.9120330810547,187.7682258605957,27.89361591676594
2024-01-17,180.97091674804688,187.03069152832032,27.407457122051568
2024-01-18,186.86524963378906,186.67108764648438,42.15281436100942
2024-01-19,189.767822265625,186.40460205078125,46.77312520606863
2024-01-22,192.0760498046875,186.35804138183593,52.08718641144633
2024-01-23,193.35397338867188,186.38280868530273,67.67966887889816
2024-01-24,192.68032836914062,186.42738647460936,69.50883303137441
2024-01-25,192.35342407226562,186.48286209106445,75.26783548799581
2024-01-26,190.6197967529297,186.4467041015625,72.23103324106643
2024-01-29,189.93624877929688,186.35506896972657,64.28900623962856
2024-01-30,186.28076171875,186.1326690673828,55.832613066416364
2024-01-31,182.67481994628906,186.07124786376954,46.73953054087904
2024-02-01,185.11181640625,186.20052642822264,52.16654439663417
2024-02-02,184.1112518310547,186.39568252563475,49.88328431017561
2024-02-05,185.9241485595703,186.71764373779297,56.857429886458
2024-02-06,187.5289764404297,186.90289382934571,60.96024171292204
2024-02-07,187.63796997070312,187.11439666748046,51.60101800477388
2024-02-08,186.5581817626953,187.21990203857422,42.80651981065163
2024-02-09,187.32192993164062,187.39331512451173,38.55250549657272
2024-02-12,185.63568115234375,187.46606903076173,31.77345475090948
2024-02-13,183.54273986816406,187.5476043701172,29.777397757565552
2024-02-14,182.6599578857422,187.63205642700194,29.062333352888785
2024-02-15,182.37229919433594,187.40740890502929,30.998671157077666
2024-02-16,180.83485412597656,186.96076049804688,29.825178538692015
2024-02-20,180.09088134765625,186.36150207519532,34.24550387512603
2024-02-21,180.8447723388672,185.73604202270508,44.55107993421352
2024-02-22,182.878173828125,185.2459342956543,43.185610010427524
2024-02-23,181.0431365966797,184.680419921875,41.093298179962574
2024-02-26,179.6941375732422,184.13413696289064,31.413754613671586
2024-02-27,181.15223693847656,183.6949363708496,30.807990815154994
2024-02-28,179.95204162597656,183.37850036621094,28.293498973939535
2024-02-29,179.28746032714844,183.2091323852539,28.972986235406665
2024-03-01,178.20628356933594,182.8638557434082,24.112735135697292
2024-03-04,173.6831817626953,182.34245223999022,20.766683261542454
2024-03-05,168.7434539794922,181.48341751098633,18.228334746301286
2024-03-06,167.75157165527344,180.49454727172852,18.14334380184259
2024-03-07,167.63253784179688,179.4942756652832,18.275041922916998
2024-03-08,169.3485107421875,178.6337921142578,25.466043775751444
2024-03-11,171.35220336914062,177.8353057861328,32.28799018243403
2024-03-12,171.8282928466797,177.14493637084962,31.516783360275454
2024-03-13,169.74533081054688,176.45506591796874,23.13308809941215
2024-03-14,171.6001739501953,175.9020767211914,30.69741502675552
2024-03-15,171.2232208251953,175.34462280273436,31.96780417454346
2024-03-18,172.3143310546875,174.91859664916993,30.887975085776276
2024-03-19,174.65525817871094,174.64681549072264,39.08422314435252
2024-03-20,177.2243194580078,174.46579284667968,46.057672682741924
2024-03-21,169.98336791992188,173.82105255126953,37.2813880522266
2024-03-22,170.88600158691406,173.31319580078124,45.12785539099733
2024-03-25,169.46755981445312,172.8018669128418,51.43759902332331
2024-03-26,168.3367919921875,172.16109466552734,51.15549136326469
2024-03-27,171.90765380859375,171.7588752746582,57.428455374225265
2024-03-28,170.09246826171875,171.29912567138672,51.288261275324764
2024-04-01,168.65420532226562,170.8215217590332,45.23474312522975
2024-04-02,167.47384643554688,170.51105499267578,42.49578077823013
2024-04-03,168.2772674560547,170.4877456665039,47.35329378216192
2024-04-04,167.45401000976562,170.4728675842285,42.23628607592767
2024-04-05,168.20785522460938,170.50163345336915,44.43229810864647
2024-04-08,167.0869598388672,170.38855590820313,40.35855988409367
2024-04-09,168.297119140625,170.23580169677734,37.76250351688488
2024-04-10,166.42239379882812,169.96550674438475,28.638615519521167
2024-04-11,173.62367248535156,170.159423828125,57.21021012489747
2024-04-12,175.1214599609375,170.33548812866212,58.19578469600526
2024-04-15,171.2926788330078,170.33896102905274,53.23034625803124
2024-04-16,168.00946044921875,170.12371749877929,49.461661851770806
2024-04-17,166.64064025878906,169.7229866027832,40.66132248263772
2024-04-18,165.6884002685547,169.14619064331055,41.944873772090375
2024-04-19,163.66490173339844,168.83026733398438,41.065732561348476
2024-04-22,164.4981231689453,168.51087341308593,44.60433884011698
2024-04-23,165.54953002929688,168.31497192382812,45.09807685241499
2024-04-24,167.65237426757812,168.28075103759767,50.34080017784526
2024-04-25,168.5153350830078,168.11113510131835,50.52629324596864
2024-04-26,167.93011474609375,168.0030174255371,51.47013203172848
2024-04-29,172.09613037109375,168.17511367797852,56.005009078472355
2024-04-30,168.95175170898438,168.2490089416504,53.84381359437985
2024-05-01,167.93011474609375,168.23165130615234,39.346697082949085
2024-05-02,171.62994384765625,168.44044799804686,43.96434208638255
2024-05-03,181.8961639404297,169.1248634338379,64.9929750432803
2024-05-06,180.23971557617188,169.78250122070312,68.12709196504497
2024-05-07,180.92410278320312,170.41385040283203,71.60866765005298
2024-05-08,181.2613525390625,171.15579833984376,74.0061655535332
2024-05-09,183.07655334472656,171.6284423828125,80.11704379199159
2024-05-10,181.8151397705078,171.963126373291,76.51493487195879
2024-05-13,185.0233154296875,172.649658203125,77.96994702463972
2024-05-14,186.1655731201172,173.5574638366699,77.3448096336013
2024-05-15,188.4401397705078,174.64743881225587,78.25171484502786
2024-05-16,188.55929565429688,175.79098358154297,79.64223759149502
2024-05-17,188.589111328125,177.0371940612793,76.89593118680271
2024-05-20,189.75120544433594,178.29984817504882,86.26320916896297
2024-05-21,191.05238342285156,179.57499084472656,89.92381142075182
2024-05-22,189.61216735839844,180.67298049926757,83.67661977304746
2024-05-23,185.61927795410156,181.52817764282227,59.114088404393925
2024-05-24,188.69834899902344,182.56658935546875,69.35820350340025
2024-05-28,188.7082977294922,183.39719772338867,68.38215952764791
2024-05-29,189.00628662109375,184.39992446899413,68.32342264027794
2024-05-30,189.99951171875,185.50339431762694,67.04155075959665
2024-05-31,190.95306396484375,186.46955032348632,72.84008814705822
2024-06-03,192.72103881835938,187.01079406738282,70.7330064129225
2024-06-04,193.03887939453125,187.65075225830077,69.37286734556076
2024-06-05,194.5486297607422,188.33197860717775,67.99292375235291
2024-06-06,193.16799926757812,188.92731094360352,62.636157191794005
2024-06-07,195.56175231933594,189.55157089233398,66.92379313639728
2024-06-10,191.81716918945312,190.05167236328126,54.455849588131336
2024-06-11,205.75253295898438,191.0881332397461,70.52131203273223
2024-06-12,211.6326141357422,192.36148529052736,77.35007163812513
2024-06-13,212.79470825195312,193.5792137145996,86.30568820760121
2024-06-14,211.0565185546875,194.70407485961914,80.97988680114932
2024-06-17,215.2083282470703,196.0350357055664,82.93824768444938
2024-06-18,212.8443603515625,197.18969345092773,78.1821783149848
2024-06-20,208.26544189453125,198.05034637451172,69.90684785348958
2024-06-21,206.0902557373047,198.87425079345704,66.06915676819185
2024-06-24,206.73587036132812,199.93008041381836,65.24087348997743
2024-06-25,207.65960693359375,200.87814331054688,65.69297207776978
2024-06-26,211.8114013671875,202.03329849243164,67.5342996109492
2024-06-27,212.65567016601562,203.21576766967775,70.01224730531078
2024-06-28,209.19912719726562,204.1757484436035,63.7053116998108
2024-07-01,215.2877655029297,205.39248352050782,72.526204704677
2024-07-02,218.78402709960938,206.6956329345703,65.64138254384551
2024-07-03,220.05538940429688,208.04645843505858,61.36726354950962
2024-07-05,224.8130645751953,209.55968017578124,64.78492050173391
2024-07-08,226.28311157226562,211.21543579101564,68.85607712569963
2024-07-09,227.1372833251953,212.7942123413086,66.08621719899455
2024-07-10,231.40829467773438,214.77376861572264,73.8089329830571
2024-07-11,226.0347900390625,215.78788146972656,72.33462855915397
2024-07-12,228.9847412109375,216.65548782348634,78.2267564908373
2024-07-15,232.81869506835938,217.65668716430665,79.81376729493054
2024-07-16,233.23590087890625,218.7656562805176,79.57727789267136
2024-07-17,227.3359375,219.37203674316407,67.25540583994888
2024-07-18,222.6676483154297,219.86320114135742,60.256371378667524
2024-07-19,222.79676818847656,220.5897674560547,64.9486538687999
2024-07-22,222.44915771484375,221.40771255493163,59.01027833953883
2024-07-23,223.4920654296875,222.24552230834962,56.31328198341317
2024-07-24,217.06570434570312,222.71582717895507,46.477897970277525
2024-07-25,216.0227813720703,222.92639617919923,38.65096882838314
2024-07-26,216.48963928222656,223.11809463500975,37.0195152711942
2024-07-29,216.7677459716797,223.49652557373048,36.042852049442274
2024-07-30,217.32394409179688,223.59833450317382,28.93642443709946
2024-07-31,220.58181762695312,223.688224029541,41.29399945040275
2024-08-01,216.8869171142578,223.52980041503906,31.1338628319658
2024-08-02,218.37681579589844,223.2079879760742,25.701974673613293
2024-08-05,207.85824584960938,222.2867446899414,18.13420058736611
2024-08-06,205.83200073242188,221.22148056030272,20.088439001115574
2024-08-07,208.404541015625,220.07129287719727,28.931964960347557
2024-08-08,211.8709716796875,219.36310195922852,35.30982329516662
2024-08-09,214.78123474121094,218.65292663574218,40.35483238204403
2024-08-12,216.31260681152344,217.8276222229004,41.078877983279185
2024-08-13,220.03167724609375,217.16741104125975,53.95133775239384
2024-08-14,220.47915649414062,216.8245719909668,56.03259488768397
2024-08-15,223.4623565673828,216.86430740356445,58.83692975073641
2024-08-16,224.78494262695312,216.96371612548828,59.898597845430295
2024-08-19,224.62582397460938,217.07254943847656,59.104690931839244
2024-08-20,225.24234008789062,217.16006317138672,56.220965757721416
2024-08-21,225.13296508789062,217.56342620849608,62.17212739973665
2024-08-22,223.2734375,217.92595901489258,57.149961476812784
2024-08-23,225.57049560546875,218.3800018310547,84.03481385658108
2024-08-26,225.90859985351562,218.8370445251465,91.25445861949602
2024-08-27,226.7538299560547,219.30853881835938,90.58619756281459
2024-08-28,225.2224578857422,219.54057083129882,82.29634731409732
2024-08-29,228.50399780273438,220.12142486572264,82.60872718148717
2024-08-30,227.7184295654297,220.58850555419923,78.09904804293205
2024-09-03,221.52328491210938,221.27175750732422,53.27511736334189
2024-09-04,219.61402893066406,221.96085891723632,48.21502443373612
2024-09-05,221.13546752929688,222.59740524291993,44.89086188122958
2024-09-06,219.58421325683594,222.98306732177736,38.69431410259387
2024-09-09,219.67369079589844,223.22769012451172,39.20203460613776
2024-09-10,218.878173828125,223.3559684753418,36.230627627881425
2024-09-11,221.41390991210938,223.4250801086426,42.71807937894597
2024-09-12,221.52328491210938,223.477286529541,46.32105585934192
2024-09-13,221.25479125976562,223.36690826416014,40.082263833368394
2024-09-16,215.10939025878906,222.88313064575195,30.411234622778906
2024-09-17,215.5767364501953,222.43067626953126,29.44398733360198
2024-09-18,219.4549102783203,222.14130477905275,40.23565735755006
2024-09-19,227.58914184570312,222.26411361694335,48.6697421133253
2024-09-20,226.92288208007812,222.44658584594725,48.83919653707104
2024-09-23,225.2025909423828,222.42819061279297,56.17493783499321
2024-09-24,226.0975341796875,222.43763732910156,61.2647144127411
2024-09-25,225.10311889648438,222.35510177612304,57.02216422569961
2024-09-26,226.2467041015625,222.40631408691405,61.96428522497787
2024-09-27,226.5151824951172,222.3068733215332,62.20725022951691
2024-09-30,231.696044921875,222.50575408935546,69.77603085696636
2024-10-01,224.9440460205078,222.6767921447754,54.81944903321874
2024-10-02,225.51084899902344,222.97163314819335,55.37678810316526
2024-10-03,224.40704345703125,223.13521194458008,54.15682389084158
2024-10-04,225.5307159423828,223.43253707885742,65.84035238923127
2024-10-07,220.44932556152344,223.47131881713867,56.49524201605738
2024-10-08,224.50650024414062,223.75273513793945,56.70187030727779
2024-10-09,228.25538635253906,224.09480895996094,51.000290032105134
2024-10-10,227.75819396972656,224.40655441284179,51.26052471243697
2024-10-11,226.2765350341797,224.6576416015625,51.632388563306954
2024-10-14,230.00555419921875,225.40244979858397,55.46898355435672
2024-10-15,232.541259765625,226.25067596435548,59.978661574703736
2024-10-16,230.4828338623047,226.80207214355468,55.54683981639139
2024-10-17,230.85079956054688,226.96515502929688,55.662357010733686
2024-10-18,233.68482971191406,227.30325241088866,52.76698730264542
2024-10-21,235.15655517578125,227.8009506225586,66.65583298949267
2024-10-22,234.54002380371094,228.22307510375975,64.70205612529355
2024-10-23,229.46856689453125,228.44134750366212,57.29855442363968
2024-10-24,229.27964782714844,228.5929946899414,55.55560580501901
2024-10-25,230.11492919921875,228.7729820251465,66.38572685738706
2024-10-28,232.0937957763672,228.7928695678711,63.83751884691656
2024-10-29,232.36228942871094,229.16378173828124,58.57918606267157
2024-10-30,228.81227111816406,229.32885284423827,51.95285555653557
2024-10-31,224.64572143554688,229.34078674316407,47.25202337285546
